言葉つき,意味,on音,kun訓,furigana,例文,type,niveau,出典,groupe 段,て形,連用形,否定的
会う,"rencontrer, se rencontrer",,,あう,田中さんと会った,動詞,N5,http://www.dictionnaire-japonais.com/w/1567/会う,,会って,会い,合わない
上がる,"(1) escalader; gravir; grimper; monter; (2) monter (comme un processus naturel, par ex. le soleil); s'élever; se lever",,,あがる,,動詞,N5,JB,五段,上がって,上がり,上がらない
開く,"ouvrir, être ouvert",,,あく,,動詞,N5,,,,,
開ける,ouvrir,,,あける,,動詞,N5,,,,,
上げる,donner,,,あげる,,動詞,N5,,,,,
遊ぶ,jouer,,,あそぶ,,動詞,N5,,五段,遊んで,,
浴びる,"se doucher, se baigner",,,あびる,,動詞,N5,,,,,
洗う,laver,,,あらう,,動詞,N5,,,洗って,,
歩く,marcher,,,あるく,,動詞,N5,,,歩いて,,
言う,dire,,,いう,,動詞,N5,,,言って,,
行く,aller,,,いく,,動詞,N5,,,行って,,行かない
居る,être (pour les êtres animés); exister,,,いる,,動詞,N5,,,,,
要る,avoir besoin (de),,,いる,,動詞,N5,,,,,
入る,pénétrer dans; rentrer,,,いる,,動詞,N5,JB,五段,,,
入れる,"(1) mettre (à l’intérieur); laisser entrer; rentrer; prendre (à l’intérieur); introduire; apporter; insérer; intercaler; mettre (un bijou, etc.); encrer (par ex. un tatouage)",,,いれる,彼はふろに水を入れた。,動詞,N5,"JB, Tanaka",一段,,,
歌う,chanter,,,うたう,,動詞,N5,JB,v5u,歌って ,,歌わない
売る,vendre,,,うる,傘が良く売れる。,動詞,N5,JB,v5r,,,
老いる,vieillir,,,おいる,,動詞,,,,老いて,,
起きる,se lever,,,おきる,,動詞,N5,,,,,
置く,"établir, mettre en place",,,おく,,動詞,N5,,,,,
教える,"enseigner, dire",,,おしえる,,動詞,N5,,一段,教えて,,
押す,"pousser, appuyer, presser",,,おす,,動詞,N5,,4,押して,,押さない
覚える,"se souvenir, retenir",,,おぼえる,,動詞,N5,,一段,覚えて,,覚えない
泳ぐ,nager,,,およぐ,,動詞,N5,,4,泳いで,,泳がない
降りる,descendre,,,おりる,,動詞,N5,,一段,降りて,降り,降りない
居る,être (pour les êtres animés); exister,,,おる,,動詞,N5,,五段,居って,居り,居らない
終わる,"se terminer, finir",,,おわる,,動詞,N5,,五段,終わって,終わり,終わらない
買う,acheter,,,かう,,動詞,N5,,,,,
返す,rendre,,,かえす,,動詞,N5,,,,,
帰る,revenir,,,かえる,,動詞,N5,,五段,帰って,帰り,帰らない
掛かる,"prendre (une ressource, par ex. du temps ou de l'argent)",,,かかる,,動詞,N5,,,,,
書く,écrire,,,かく,,動詞,N5,,,,,
掛ける,"multiplier, appliquer, couvrir, pendre; s'asseoir, prendre place; porter (lunettes)",,,かける,,動詞,N5,,,掛けて,掛け,掛けない
かける,appeler (au téléphone),,,かける,電話をかける,動詞,N5,,,,,
貸す,prêter,,,かす,,動詞,N5,,,,,
借りる,emprunter,,,かりる,,動詞,N5,,,,,
消える,disparaître,,,きえる,,動詞,N5,,,,,
聞く,"entendre, écouter",,,きく,,動詞,N5,,,,,
切る,couper,,,きる,,動詞,N5,,,,,
着る,"porter, se vêtir de, enfiler - Utilisé pour le haut du corps.",,,きる,,動詞,N5,,一段,着て,着,着ない
具合,"état, condition",,,ぐあい,家内の具合は悪いんですが,動詞,N5,,,,,
繰り返す,répéter; refaire,,,くりかえす,ゆっくり繰り返してお願いします,動詞,,,,繰り返して,繰り返し,繰り返さない
来る,"venir, commencer",,,くる,,動詞,N5,,,きて,き,こない
呉れる,recevoir (soi-même ou un proche) ; donner; faire pour quelqu'un; recevoir de,,,くれる,話をやめてくれませんか。,動詞,N5,"https://www.wasabi-jpn.com/japanese-grammar/receiving-and-giving/ , JB, Tanaka",一段,呉れて,呉れ,呉れない
消す,"effacer, gommer; éteindre",,,けす,,動詞,N5,,,消して,消し,消さない
答える,répondre,,,こたえる,,動詞,N5,,一段,答えて,答え,答えない
コピー,copie; photocopie,,,コピー,コピーする,動詞,N5,,,,,
咲く,fleurir; s'épanouir,,,さく,,動詞,N5,JB,,,,
差す,Ouvrir un parapluie (1) briller; rayonner; (2) être visible,,,さす,,動詞,N5,JB,,差して,差し,差さない
散歩する,"se promener, se balader",,,さんぽする,夕方私は犬と散歩する。,動詞,N5,"JB, Tanaka",,散歩して,散歩し,散歩しない
死ぬ,(1) mourir; trépasser; succomber; décéder,,,しぬ,,動詞,N5,JB,,死んで,死に,死なない
閉まる,(1) (se) fermer; être fermé,,,しまる,その店は日曜日は閉まっている。今日は休みですから、皆閉まっています。,動詞,N5,"JB, Tanaka",v5r,,,
締める,"(1) attacher; lier; fixer; serrer; (2) porter (une cravate, une ceinture); mettre; enfiler",,,しめる,体をベルトで締めてありますか。,動詞,N5,"JB, Tanaka",一段,締めて,締め,締めない
閉める,fermer,,,しめる,彼は入った後[のち]ドアを静かに閉めた。,動詞,N5,"JB, Tanaka",一段,閉めて,閉め,閉めない
喋る,"parler, discuter, causer",,,しゃべる,,動詞,,,,喋って,喋り,喋らない
知る,(1) connaître; savoir; être au courant de; être conscient de,,,しる,,動詞,N5,JB,,知って,知り,知らない
吸う,fumer; inspirer; inhaler,,,すう,,動詞,N5,JB,五段,,,
過ぎる,"dépasser, excéder; passer par, à travers",,,すぎる,,動詞,N5,,,,,過ぎない
住む,vivre (à); habiter; résider; demeurer,,,すむ,,動詞,N5,JB,,,,
為る,(1) faire; (2) faire devenir; rendre; transformer,,,する,,動詞,N5,,,,,
座る,(1) s'asseoir; s'accroupir; (2) prendre (une position),,,すわる,祖父はいつもこの椅子に座る。,動詞,N5,"JB, Tanaka",,座って,座り,座らない
出す,sortir (quelque chose); tirer (la langue)　(4) envoyer (par ex. une lettre),,,だす,,動詞,N5,JB,,,,
立つ,"se lever, se mettre debout; (1) se trouver (par ex. en position difficile); (2) partir (en avion, en train, etc.)",,,たつ,立っているのは、みんな男だった。,動詞,N5,"dictionnaire-japonais.com, JB, Tanaka",,立って,立ち,立ったない
立てる,"bâtir, construire; fonder; (1) pousser dans; enfoncer dans; enterrer dans; creuser dans",,,たてる,,動詞,N5,"dictionnaire-japonais.com, JB, Tanaka",一段,立てて,立て,立てない
頼む,"demander, prier ; (1) confier à; (2) compter sur; reposer sur; dépendre de",,,たのむ,父は私に窓を開けるように頼んだ。,動詞,N5,"dictionnaire-japonais.com, JB, Tanaka",v5m,頼んで,頼み,頼まない
食べる,(1) manger; (2) vivre avec (par ex. un salaire); vivre de (par ex. ses rentes); subsister grâce à,,,たべる,きょう何を昼食に食べましたか。,動詞,N5,"JB, Tanaka",一段,食べて,食べ,食べない
違う,"1) être différent (de); différer; (2) ne pas être conforme; ne pas être dans l’état habituel; (3) ne pas correspondre au bon (résultat, etc.); (4) être différent de ce qui était attendu",,,ちがう,そんなに違わないよ。,動詞,N5,"JB, Tanaka",v5u,違って,違い,違わない
使う,"utiliser (une chose, une méthode, etc.); faire usage de; se servir de; profiter de; mettre à profit",,,つかう,,動詞,N5,JB,五段,,,
疲れる,(1) se fatiguer; se lasser; (2) être usé (par ex. des objets beaucoup utilisés),,,つかれる,僕は歩くのに疲れたよ。,動詞,N5,"JB, Tanaka",一段,疲れて,疲れ,疲れない
着く, (1) arriver à; atteindre; parvenir à,,,つく,,動詞,N5,JB,,着いて,着き,着かない
作る,faire; produire; fabriquer; confectionner; construire; bâtir; élaborer; réaliser,,,つくる,,動詞,N5,JB,,,,
点ける,"allumer (la lumière, le gaz, etc.); mettre en marche; éclairer",,,つける,,動詞,N5,,一段,点けて,点け,点けない
就ける,placer; poser,,,つける,,動詞,N5,,,,,
勤める,travailler (pour); être employé (par); servir (dans l'armée par ex.),,,つとめる,,動詞,N5,JB,一段,,,
出かける,partir (par ex. en excursion ou pour une sortie); sortir; s'en aller; quitter; démarrer; établir,,,でかける,,動詞,N5,JB,一段,,,
出来る,être en position de faire; être en mesure de; être capable de faire; pouvoir,,,できる,,動詞,N5,,,,,
出る,(1) partir; sortir; s'en aller; quitter; (2) partir (en voyage); sortir; s'en aller; quitter; démarrer; établir,,,でる,,動詞,N5,JB,一段,出て,出,出ない
飛ぶ,(1) voler; s'envoler; grimper en flèche,,,とぶ,彼らの飛行機はまもなく飛び立つ。 ,動詞,N5,"JB, Tanaka",v5b,飛んで,飛び,飛ばない
止まる,"(1) arrêter (de bouger); stopper; (2) s'arrêter (de faire, de travailler, d'être fourni); faire halte; cesser; être arrêté; être suspendu",,,とまる,赤信号で止まりましたか。,動詞,N5,"JB, Tanaka",,止まって,止まり,止まらない
取る,prendre; ramasser; récolter; gagner; remporter; choisir,,,とる,休みを取ります,動詞,N5,JB,,,,
撮る,"(1) photographier; prendre (une photo); (2) enregistrer (une vidéo, du son, etc.); faire (un film)",,,とる,僕の写真を撮ってくれませんか。,動詞,N5,"JB, Tanaka",,撮って,撮り,撮らない
無くす・亡くす,"(1) égarer; perdre quelque chose; (2) se débarrasser de; (3) perdre quelqu'un (épouse, enfant, etc.)",,,なくす,彼女は３歳のときに父親を亡くした。,動詞,N5,"JB, Tanaka",,亡くして,亡くし,亡くさない
習う,prendre des leçons de; être enseigné; apprendre (d'un professeur); étudier (sous le contrôle d'un professeur); recevoir une formation,,,ならう,,動詞,N5,JB,,習って,習い,習わない
並ぶ,faire la queue; se mettre en rang,,,ならぶ,,動詞,N5,JB,,,,
並べる,exposer; présenter; mettre en place; aligner; ranger; arranger; mettre en rang; disposer en ligne,,,ならべる,,動詞,N5,JB,,,,
成る,devenir; s'établir; être; atteindre; accéder à; passer,,,なる,,動詞,N5,,,,,
脱ぐ,"retirer (des vêtements, des chaussures, etc.); enlever; ôter; se déshabiller; se dévêtir",,,ぬぐ,,動詞,N5,JB,v5g,,,
寝る,(1) s'allonger; se coucher; (2) aller au lit; rester au lit; rester alité; (3) dormir (couché),,,ねる,,動詞,N5,JB,一段,,,
登る・上る,"(1) escalader; gravir; grimper; monter; (2) monter (comme un processus naturel, par ex. le soleil); s'élever; se lever",,,のぼる,私は富士山に登りたい。,動詞,N5,"JB, Tanaka",,登って,登り,登らない
飲む,(1) boire; engloutir; avaler; prendre (un médicament),,,のむ,好きだろうと嫌いだろうと、この薬を飲まなければなりません。,動詞,N5,"JB, Tanaka",v5m,飲んで,飲み,飲まない
乗る,"monter dans (un train, un avion, un bus, un bateau, etc.); entrer dans; monter à bord; prendre; embarquer",,,のる,,動詞,N5,JB,,,,
入る,entrer; pénétrer; s'introduire,,,はいる,,動詞,N5,JB,五段,,,
はく,"mettre (un pantalon, une jupe : vêtement du bas)",,,はく,,動詞,N5,,,,,
始まる,commencer; débuter; démarrer; entamer,,,はじまる,,動詞,N5,JB,五段,,,
走る,(1) courir; (2) déplacer (mouvement des véhicules); conduire; (3) se ruer vers; se dépêcher de,,,はしる,列車は西へ走っていた。,動詞,N5,"JB, Tanaka",v5r,走って,走り,走らない
働く,(1) travailler; (2) fonctionner; opérer; être efficace; marcher (c.-à-d. être en état de marche); entrer en jeu,,,はたらく,,動詞,N5,JB,五段,,,
発生する,(1) apparaître; arriver; naître; se produire,,,はっせいする,地震は時を選ばず発生する。,動詞,N5,,,,,
話す,"parler, expliquer, narrer, décrire",,,はなす,,動詞,N5,dictionnaire-japonais.com,v5s,話して,話し,話さない
貼る,(1) apposer; coller; placarder; fixer,,,はる,封筒に切手を貼りなさい。,動詞,N5,"JB, Tanaka",v5r,貼って,貼り,貼らない
引く,"(1) tirer; trainer; (2) attirer (l'attention, etc.); susciter (l'intérêt, etc.)",,,ひく,,動詞,N5,JB,,引いて,引き,引かない
弾く,jouer (d'un instrument),,,ひく,僕はギターを弾くのが好きだ。,動詞,N5,"JB, Tanaka",,弾いて,弾き,弾かない 
吹く,"souffler (pour le vent, etc.); jouer un instrument à vent",,,ふく,,動詞,N5,JB,五段,,,
降る,précipiter (pour une substance dans une solution chimique); tomber (par ex. pour la pluie),,,ふる,明日雨が降ったら、私は家にいます。,動詞,N5,"JB, Tanaka",v5r,降って,降り,
勉強,(1) études; (2) diligence; assiduité,,,べんきょう,,動詞,N5,JB,,,,
勉強する,étudier,,,べんきょうする,,動詞,N5,dictionnaire-japonais.com,,,,
曲る・曲がる,(1) se plier; se courber; se déformer; s'enrouler; se tordre; (2) tourner; virer,,,まがる,次の角で左に曲がって下さい。,動詞,N5,"JB, Tanaka",,曲がって,曲がり,曲がらない
待つ,(1) attendre; (2) attendre; espérer; anticiper,,,まつ,部屋の外でちょっとの間待ちなさい。ここで待っています。,動詞,N5,"JB, Tanaka",,待って,待ち,待ったない
見せる,montrer; afficher,,,みせる,,動詞,N5,JB,一段,見せて,見せ,見せない
見る,(1) voir; regarder; observer,,,みる,,動詞,N5,JB,一段,見て,見,見ない
用いる,utiliser,,,もちいる,,動詞,,,,用いて,,
持つ,(1) tenir (dans ses mains); porter; (2) posséder; avoir,,,もつ,両手でその花びんを持ちなさい。,動詞,N5,"JB, Tanaka",,持って,持ち,持ったない
貰う,recevoir (n’importe qui) ; (1) recevoir; prendre; accepter,,,もらう,,動詞,N5,"https://www.wasabi-jpn.com/japanese-grammar/receiving-and-giving/ , JB",v5u,貰って,貰い,貰わない
休む,se reposer,,,やすむ,,動詞,N5,,,休んで,休み,休まない
遣る,faire; entreprendre; accomplir; jouer (à un jeu); étudier,,,やる,,動詞,N5,JB,,,,
呼ぶ,"appeler, inviter",,,よぶ,タクシを呼びたいんですが,動詞,N5,,,呼んで,呼び,呼ばない
読む,(1) lire; (2) compter,,,よむ,彼は楽に英語が読める。,動詞,N5,"JB, Tanaka",v5m,読んで,読み,読まない
練習する,"s'entraîner, s'exercer",,,れんしゅうする,,動詞,N5,JB,,,,
分かる,comprendre; appréhender; saisir; voir; savoir; connaître,,,わかる,,動詞,N5,JB,,分かって,分かり,分からない
忘れる,oublier; laisser négligemment; être oublieux de,,,わすれる,,動詞,N5,JB,一段,忘れて,忘れ,忘れない
渡る,"traverser, franchir",,,わたる,,動詞,N5,,,,,
ご馳走様でした,C'était très bon (formule de politesse en fin de repas); Quel bon repas,,,ごちそうさまでした,,慣用句,N5,,,,,
,,,,,なんとゆういみですか,慣用句,,,,,,
,,,,,なんといいますか,慣用句,,,,,,
これをわたしていただけませんか,Pourriez-vous me donner ceci ?,,,これをわたしていただけませんか,,文法,N5,,,,,
すぎる,"excéder, dépasser",,,すぎる,,文法,N5,,,,,
それはいけませんね,Je suis désolé (litt. : cela ne doit pas être),,,それはいけませんね,,文法,N5,,,,,
欲しい,je veux que (vous fassiez),,,ほしい,,文法,N5,,,,,
base verbale + たがっている・たがっています,veux-tu / voulez-vous (faire),,,base verbale +  + たがっている・たがっています,飲みたがっているんですが。,文法,N5,http://www.punipunijapan.com/tai-form/,,,,
も,au moins,,,も,十年もテニスをしています,文法,N5,,,,,
郵便局はどこにさがしているんですが,Où est le bureau de poste ?,,,郵便局はどこにさがしているんですが,,文法,N5,,,,,
一,un,イチイツヒト,ひと-,,,漢字,N5,,,,,
国,pays,,,,,漢字,N5,,,,,
日,"jour, soleil",ニチジツ,ひ-び,,,漢字,N5,,,,,
挨拶する,saluer,,,あいさつする,,語彙,N5,,,,,
生憎,"malheureusement; désolé, mais",,,あいにく,,語彙,N5,,,,,
青,bleu (nom de la couleur),,,あお,,語彙,N5,,,,,
青い,bleu (adjectif),,,あおい,,語彙,N5,,,,,
赤,rouge (nom de la couleur),,,あか,,語彙,N5,,,,,
赤い,rouge (adjectif),,,あかい,,語彙,N5,,,,,
明るい,"clair, lumineux",,,あかるい,,語彙,N5,,,,,
秋,automne,,,あき,,語彙,N5,,,,,
朝,matin,,,あさ,,語彙,N5,,,,,
朝ご飯,petit-déjeuner,,,あさごはん,,語彙,N5,,,,,
明後日,après-demain,,,あさって,,語彙,N5,,,,,
足,"pied, jambe",,,あし,,語彙,N5,,,,,
明日,demain,,,あした,,語彙,N5,,,,,
彼処,là-bas (loin du locuteur et de l'interlocuteur),,,あそこ,,語彙,N5,,,,,
遊び,(1) amusement; jeu,,,あそび,,語彙,N5,,,,,
暖かい・温かい,"tiède, chaud, chaleureux",,,あたたかい,,語彙,N5,,,,,
頭,tête,,,あたま,,語彙,N5,,,,,
新しい,"nouveau, neuf",,,あたらしい,,語彙,N5,,,,,
彼方,ce côté-là (loin du locuteur et de l'interlocuteur),,,あちら・あっち,,語彙,N5,,,,,
厚い,"épais, lourd",,,あつい,,語彙,N5,,,,,
暑い,chaud,,,あつい,,語彙,N5,,,,,
後,après,,,あと,,語彙,N5,,,,,
貴方,toi,,,あなた,,語彙,N5,,,,,
兄,grand frère,,,あに,,語彙,N5,,,,,
姉,grande sœur,,,あね,,語彙,N5,,,,,
彼の,"cela, ce (loin du locuteur et de l'interlocuteur)",,,あの,,語彙,N5,,,,,
あの,euh…,,,あの,,語彙,N5,,,,,
アパート,appartement,,,アパート,,語彙,N5,,,,,
危ない,dangereux,,,あぶない,,語彙,N5,,,,,
甘い,"doux, délicieux, sucré",,,あまい,,語彙,N5,,,,,
余り,"plus que, au delà de; pas tellement (+négatif)",,,あまり,,語彙,N5,,,,,
雨,pluie,,,あめ,,語彙,N5,,,,,
飴,bonbon (dur); sucrerie,,,あめ,,語彙,N5,,,,,
彼,"ça, ceci (loin du locuteur et de l'interlocuteur)",,,あれ,,語彙,N5,,,,,
良い,"plaisant, agréable, bien",,,いい・よい,,語彙,,,,,,
否,"non, ce n’est pas ça",,,いいえ,,語彙,N5,,,,,
家,maison,,,いえ,,語彙,N5,,,,,
如何,comment; de quelle manière; que diriez vous...,,,いかが,,語彙,N5,,,,,
幾つ,"combien (dénombrer/quantité), quel âge",,,いくつ,おいくつですか。,語彙,N5,,,,,
幾ら,combien (prix),,,いくら,,語彙,N5,,,,,
池,étang,,,いけ,,語彙,N5,,,,,
石,"pierre, roc",,,いし,,語彙,,,,,,
医者,docteur,,,いしゃ,,語彙,N5,,,,,
椅子,chaise,,,いす,,語彙,N5,,,,,
忙しい,occupé,,,いそがしい,,語彙,N5,,,,,
痛い,douloureux,,,いたい,,語彙,N5,,,,,
戴きます,merci pour ce repas (expression de gratitude avant de commencer à manger),,,いただきます,,語彙,,,,,,
一,un,,,いち,,語彙,N5,,,,,
一日,une journée; un jour,,,いちにち,,語彙,N5,,,,,
一番,premier,,,いちばん,,語彙,N5,,,,,
何時,quand,,,いつ,,語彙,N5,,,,,
五日,cinquième jour,,,いつか,,語彙,N5,,,,,
一週間,une semaine,,,いっしゅうかん,,語彙,,,,,,
一緒,ensemble,,,いっしょ,,語彙,N5,,,,,
五つ,cinq (choses),,,いつつ,,語彙,N5,,,,,
何時も,toujours,,,いつも,,語彙,N5,,,,,
犬,chien,,,いぬ,,語彙,N5,,,,,
今,maintenant,,,いま,,語彙,N5,,,,,
意味,sens (définition),,,いみ,,語彙,N5,,,,,
妹,"petite sœur, cadette",,,いもうと,,語彙,N5,,,,,
嫌・否,désagréable,,,いや,,語彙,N5,,,,,
いらっしゃいませ,"bienvenue (dans notre magasin, notre restaurant)",,,いらっしゃいませ,,語彙,,,,,,
入口,entrée,,,いりぐち,,語彙,N5,,,,,
色,couleur,,,いろ,,語彙,N5,,,,,
色々,"divers, varié",,,いろいろ,,語彙,N5,,,,,
上,au-dessus,,,うえ,,語彙,N5,,,,,
後ろ,arrière; derrière; dos,,,うしろ,,語彙,N5,,,,,
薄い,faible　・　fin; (2) pâle; léger; (3) trop liquide; dilué; clairsemé; (4) fade,,,うすい,,語彙,N5,,,,,
歌,chanson,,,うた,,語彙,N5,,,,,
家・内,"maison (sa), chez soi",,,うち,,語彙,N5,,,,,
内で,chez soi,,,うちで,,語彙,N5,,,,,
生まれる,naître,,,うまれる,,語彙,N5,,一段,,,
海,mer,,,うみ,,語彙,N5,,,,,
煩い,(1) assourdissant; bruyant; tapageur; (2) ennuyeux; problématique; fatiguant; persistant; importun,,,うるさい,,語彙,N5,,,,,
上着,manteau; tunique; vêtement de dessus; veste,,,うわぎ,,語彙,N5,,,,,
絵,dessin,,,え,,語彙,N5,,,,,
映画,film,,,えいが,,語彙,N5,,,,,
映画館,cinéma (lieu),,,えいがかん,,語彙,N5,,,,,
英語,langue anglaise,,,えいご,,語彙,N5,,,,,
ええ,"oui, c’est ça",,,ええ,,語彙,N5,,,,,
駅,gare,,,えき,,語彙,N5,,,,,
エレベーター,ascenseur,,,エレベーター,,語彙,N5,,,,,
円,yen,,,えん,,語彙,N5,,,,,
鉛筆,crayon,,,えんぴつ,,語彙,N5,,,,,
美味しい,"bon, délicieux",,,おいしい,,語彙,N5,,,,,
多い,nombreux,,,おおい,,語彙,N5,,,,,
大きい,"grand, large",,,おおきい,,語彙,N5,,,,,
大勢,nombreux; foule; cohue; un grand nombre de personnes,,,おおぜい,,語彙,N5,,,,,
お母さん,mère,,,おかあさん,,語彙,N5,,,,,
お菓子,"bonbon, gâteau, confiserie",,,おかし,,語彙,N5,,,,,
お金,argent,,,おかね,,語彙,N5,,,,,
奥さん,épouse (d'un autre),,,おくさん,,語彙,N5,,,,,
送る,(1) envoyer (quelque chose); expédier; dépêcher; transmettre; (2) conduire ou escorter (une personne quelque part); accompagner (une personne),,,おくる,,語彙,N5,,,,,
お子さん,enfant (de quelqu’un d’autre),,,おこさん,,語彙,N5,,,,,
お酒,alcool,,,おさけ,,語彙,N5,,,,,
お祖父さん,grand père,,,おじいさん,,語彙,N5,,,,,
伯父さん,oncle,,,おじさん,,語彙,N5,,,,,
遅い,(1) lent; (2) tard; tardif; (3) trop tard,,,おそい,,語彙,N5,,,,,
お茶,thé vert,,,おちゃ,,語彙,N5,,,,,
お手洗い,salle de bains,,,おてあらい,,語彙,N5,,,,,
お父さん,père,,,おとうさん,,語彙,N5,,,,,
弟,"petit frère, cadet",,,おとうと,,語彙,N5,,,,,
男,homme,,,おとこ,,語彙,N5,,,,,
男の子,garçon,,,おとこのこ,,語彙,N5,,,,,
一昨日,avant-hier,,,おととい,,語彙,N5,,,,,
一昨年,il y a deux ans (l’année avant l’année dernière),,,おととし・いっさくねん,,語彙,N5,,,,,
大人,adulte,,,おとな,,語彙,N5,,,,,
おなか,estomac,,,おなか,,語彙,N5,,,,,
同じ,"identique, pareil",,,おなじ,,語彙,N5,,,,,
お兄さん,frère aîné,,,おにいさん,,語彙,N5,,,,,
お姉さん,sœur aînée,,,おねえさん,,語彙,N5,,,,,
お願いします,s’il-vous-plaît,,,おねがいします,,語彙,N5,,,,,
お祖母さん,grand-mère,,,おばあさん,,語彙,N5,,,,,
叔母さん,tante,,,おばさん,,語彙,N5,,,,,
お風呂,bain,,,おふろ,,語彙,N5,,,,,
お弁当,boîte à repas (bento),,,おべんとう,,語彙,N5,,,,,
おまわりさん,policier (familier),,,おまわりさん,,語彙,N5,,,,,
思い,lourd,,,おもい,,語彙,N5,,,,,
面白い,(1) intéressant; fascinant; intrigant; captivant; passionnant,,,おもしろい,,語彙,N5,,,,,
音楽,musique,,,おんがく,,語彙,N5,,,,,
女,femme,,,おんな,,語彙,N5,,,,,
女の子,fille,,,おんなのこ,,語彙,N5,,,,,
海外,"étranger, outre-mer",,,かいがい,,語彙,,,,,,
会議,"réunion, conférence, table ronde",,,かいぎ,,語彙,N5,,,,,
会議室,salle de réunion; salle du conseil,,,かいぎしつ,,語彙,N5,,,,,
外国,pays étranger,,,がいこく,,語彙,N5,,,,,
外国人,étranger,,,がいこくじん,,語彙,N5,,,,,
会社,(1) compagnie; entreprise; société,,,かいしゃ,,語彙,N5,,,,,
階段,escalier,,,かいだん,,語彙,N5,,,,,
買い物,courses,,,かいもの,,語彙,N5,,,,,
変える,changer; modifier; altérer; transformer; convertir; faire varier,,,かえる,お金はどこで変えられますか。,語彙,N5,,,,,
かぎ,clé,,,かぎ,,語彙,N5,,,,,
学生,étudiant,,,がくせい,,語彙,N5,,,,,
傘,parapluie,,,かさ,,語彙,N5,,,,,
風,vent,,,かぜ,,語彙,N5,,,,,
風邪,rhume,,,かぜ,,語彙,N5,,,,,
家族,famille,,,かぞく,,語彙,N5,,,,,
方,(1) direction; sens; (2) personne; dame; monsieur; (3) méthode pour; façon de; manière de,,,かた,,語彙,N5,,,,,
学校,école,,,がっこう,,語彙,N5,,,,,
カップ,tasse,,,カップ,,語彙,N5,,,,,
家庭,ménage,,,かてい,,語彙,N5,,,,,
角,"angle, coin, tournant",,,かど,,語彙,N5,,,,,
家内,épouse (pour parler de la sienne généralement),,,かない,,語彙,N5,,,,,
かばん,sac,,,かばん,,語彙,N5,,,,,
花瓶,vase,,,かびん,,語彙,N5,,,,,
構いません,pas de problème; peu importe,,,かまいません,,語彙,N5,,,,,
紙,papier,,,かみ,,語彙,N5,,,,,
カメラ,appareil photo,,,カメラ,,語彙,N5,,,,,
火曜日,mardi,,,かようび,,語彙,N5,,,,,
辛い,épicé,,,からい,,語彙,N5,,,,,
体,corps,,,からだ,,語彙,N5,,,,,
軽い,"(1) léger (c.-à-d. pas lourd); semblant léger (c.-à-d. offrant peu de résistance, bougeant facilement); (2) habile; vif",,,かるい,,語彙,N5,,,,,
カレー,curry,,,カレー,,語彙,N5,,,,,
カレンダー,calendrier,,,カレンダー,,語彙,N5,,,,,
川,rivière,,,かわ,,語彙,N5,,,,,
かわいい,mignon,,,かわいい,,語彙,N5,,,,,
漢字,idéogramme japonais,,,かんじ,,語彙,N5,,,,,
慣用句,expression courante; locution idiomatique,,,かんようく,,語彙,,,,,,
木,"arbre, bois",,,き,,語彙,N5,,,,,
黄色,jaune (nom de la couleur),,,きいろ,,語彙,N5,,,,,
黄色い,jaune (adjectif),,,きいろい,,語彙,N5,,,,,
北,nord,,,きた,,語彙,N5,,,,,
ギター,guitare,,,ギター,,語彙,N5,,,,,
汚い,sale,,,きたない,,語彙,N5,,,,,
喫茶店,salon de thé,,,きっさてん,,語彙,N5,,,,,
切手,timbre,,,きって,,語彙,N5,,,,,
切符,billet,,,きっぷ,,語彙,N5,,,,,
昨日,hier,,,きのう,,語彙,N5,,,,,
君,toi,,,きみ,,語彙,N5,,,,,
九,neuf,,,きゅう,,語彙,N5,,,,,
急行,(1) à grande vitesse; (2) express (par ex. un train qui ne s'arrête pas à toutes les stations),,,きゅうこう,,語彙,N5,,,,,
牛肉,viande de bœuf,,,ぎゅうにく,,語彙,N5,,,,,
牛乳,lait (de vache),,,ぎゅうにゅう,,語彙,N5,,,,,
今日,aujourd’hui,,,きょう,,語彙,N5,,,,,
教室,salle de classe,,,きょうしつ,,語彙,N5,,,,,
兄弟,frères et sœurs,,,きょうだい,,語彙,N5,,,,,
去年,année dernière,,,きょねん,,語彙,N5,,,,,
嫌い,haine,,,きらい,,語彙,N5,,,,,
きれい,joli,,,きれい,,語彙,N5,,,,,
キロ・キログラム,kilogramme,,,キロ・キログラム,,語彙,N5,,,,,
キロ・キロメートル,kilomètre,,,キロ・キロメートル,,語彙,N5,,,,,
銀行,banque,,,ぎんこう,,語彙,N5,,,,,
金曜日,vendredi,,,きんようび,,語彙,N5,,,,,
薬,médicament,,,くすり,,語彙,N5,,,,,
下さい,s’il-vous-plaît,,,ください,,語彙,N5,,,,,
果物,fruit,,,くだもの,,語彙,N5,,,,,
口,bouche,,,くち,,語彙,N5,,,,,
靴,chaussures,,,くつ,,語彙,N5,,,,,
靴下,chaussettes,,,くつした,,語彙,N5,,,,,
国,pays,,,くに,,語彙,N5,,,,,
曇り,nuageux,,,くもり,,語彙,N5,,,,,
曇る,(1) devenir nuageux; devenir couvert; (2) se couvrir; embuer; devenir brumeux; devenir bruineux; se brouiller; s'assombrir; devenir sombre,,,くもる,,語彙,N5,,,,,
暗い,sombre,,,くらい,,語彙,N5,,,,,
クラス,classe,,,クラス,,語彙,N5,,,,,
グラム,gramme,,,グラム,,語彙,N5,,,,,
車,voiture,,,くるま,,語彙,N5,,,,,
黒,noir (nom de la couleur),,,くろ,,語彙,N5,,,,,
黒い,noir (adjectif),,,くろい,,語彙,N5,,,,,
警官,policier,,,けいかん,,語彙,N5,,,,,
経済,économie,,,けいざい,経済を勉強しています,語彙,N5,,,,,
今朝,ce matin,,,けさ,,語彙,N5,,,,,
結構,"parfait, suffisant",,,けっこう,,語彙,N5,,,,,
結婚,mariage,,,けっこん,,語彙,N5,,,,,
月曜日,lundi,,,げつようび,,語彙,N5,,,,,
玄関,hall d’entrée,,,げんかん,,語彙,N5,,,,,
元気,"en bonne santé, énergique",,,げんき,,語彙,N5,,,,,
五,cinq,,,ご,,語彙,N5,,,,,
語彙,glossaire; vocabulaire,,,ごい,,語彙,,JB,,,,
公園,"parc, jardin",,,こうえん,,語彙,N5,,,,,
高校,lycée,,,こうこう,,語彙,N5,,,,,
交差点,carrefour,,,こうさてん,,語彙,N5,,,,,
紅茶,thé noir,,,こうちゃ,,語彙,N5,,,,,
交番,(1) petite station de police de quartier,,,こうばん,,語彙,N5,,,,,
声,voix,,,こえ,,語彙,N5,,,,,
コート,manteau,,,コート,,語彙,N5,,,,,
コート,court de tennis,,,コート,,語彙,N5,,,,,
コーヒー,café,,,コーヒー,,語彙,N5,,,,,
国内,"national, domestique, interne (au pays)",,,こくない,,語彙,,,,,,
此所,ici,,,ここ,,語彙,N5,,,,,
午後,"après-midi, p.m.",,,ごご,,語彙,N5,,,,,
九日,"neuf jours, neuvième jour",,,ここのか,,語彙,N5,,,,,
九つ,neuf (choses),,,ここのつ,,語彙,N5,,,,,
午前,"matin, a.m.",,,ごぜん,,語彙,N5,,,,,
此方・こっち,comme cela,,,こちら・こっち,,語彙,N5,,,,,
コップ,verre,,,コップ,,語彙,N5,,,,,
今年,cette année,,,ことし,,語彙,N5,,,,,
言葉,"mot, langue",,,ことば,,語彙,N5,,,,,
子供,enfant,,,こども,,語彙,N5,,,,,
此の,ce,,,この,,語彙,N5,,,,,
御飯,"riz, repas",,,ごはん,,語彙,N5,,,,,
困る,être troublé; être inquiet; être embêté; être embarrassé; être ennuyé; être gêné; être perplexe,,,こまる,,語彙,N5,,五段,困って,,
惟,ceci,,,これ,,語彙,N5,,,,,
今月,ce mois-ci,,,こんげつ,,語彙,N5,,,,,
今週,cette semaine,,,こんしゅう,,語彙,N5,,,,,
こんな,"tel, cette sorte de",,,こんな,,語彙,N5,,,,,
今晩,ce soir,,,こんばん,,語彙,N5,,,,,
さあ,eh bien…,,,さあ,,語彙,N5,,,,,
歳・才,âge,,,さい,なんさいですか。,語彙,N5,,,,,
財布,portefeuille,,,さいふ,,語彙,N5,,,,,
魚,poisson,,,さかな,,語彙,N5,,,,,
魚屋,poissonnerie,,,さかなや,,語彙,N5,,,,,
先,"premier, précédent",,,さき,,語彙,N5,,,,,
作文,"(1) écriture (d'un essai, de prose, etc.); composition; (2) verbiage; écriture formelle avec peu de véritable signification",,,さくぶん,,語彙,N5,,,,,
冊,compteur pour les livres,,,さつ,,語彙,N5,,,,,
雑誌,magazine,,,ざっし,,語彙,N5,,,,,
砂糖,sucre,,,さとう,,語彙,N5,,,,,
寒い,"froid (temps, etc.)",,,さむい,,語彙,N5,,,,,
左右,gauche et droite; des deux côtés,,,さゆう,,語彙,N5,,,,,
左様なら,"au revoir, adieu",,,さようなら,,語彙,N5,,,,,
皿,assiette,,,さら,,語彙,N5,,,,,
再来週,dans deux semaines; semaine après la prochaine,,,さらいしゅう,,語彙,N5,,,,,
再来年,"dans deux ans, l’année après l’année prochaine",,,さらいねん,,語彙,N5,,,,,
三,trois,,,さん,,語彙,N5,,,,,
残念,déplorable; dommage (par ex. quel dommage !),,,ざんねん,,語彙,N5,,,,,
四,quatre,,,し・よん,,語彙,N5,,,,,
塩,sel,,,しお,,語彙,N5,,,,,
併し,cependant,,,しかし,,語彙,N5,,,,,
時間,temps,,,じかん,,語彙,N5,,,,,
仕事,emploi,,,しごと,,語彙,N5,,,,,
辞書,dictionnaire,,,じしょ,,語彙,N5,,,,,
静か,"calme, silencieux",,,しずか,,語彙,N5,,,,,
下,au-dessous,,,した,,語彙,N5,,,,,
七,sept,,,しち・なな,,語彙,N5,,,,,
質問,question,,,しつもん,,語彙,N5,,,,,
自転車,vélo,,,じてんしゃ,,語彙,N5,,,,,
自動車,automobile,,,じどうしゃ,,語彙,N5,,,,,
字引,dictionnaire,,,じびき,,語彙,N5,,,,,
自分,soi-même,,,じぶん,,語彙,N5,,,,,
じゃあ・じゃ,eh bien…,,,じゃあ・じゃ,,語彙,N5,,,,,
写真,photo,,,しゃしん,,語彙,N5,,,,,
シャツ,chemise,,,シャツ,,語彙,N5,,,,,
シャワー,douche,,,シャワー,,語彙,N5,,,,,
十,dix,,,じゅう,,語彙,N5,,,,,
十分,(2) parfaitement; complètement; totalement; entièrement,,,じゅうぶん,,語彙,N5,,,,,
授業,"cours, classe",,,じゅぎょう,,語彙,N5,,,,,
宿題,devoirs,,,しゅくだい,,語彙,N5,,,,,
出張,mission officielle; voyage d'affaires,,,しゅっちょう,,語彙,,,,,,
十分,10 minutes,,,じゅっぷん,,語彙,N5,,,,,
上手,habile,,,じょうず,,語彙,N5,,,,,
丈夫,"fort, durable",,,じょうぶ,,語彙,N5,,,,,
醤油,sauce soja,,,しょうゆ,,語彙,N5,,,,,
食堂,réfectoire,,,しょくどう,,語彙,N5,,,,,
知り合い,connaissance (c.-à-d. une personne que l'on connait); relation,,,しりあい,,語彙,N5,,,,,
白,blanc (nom de la couleur),,,しろ,,語彙,N5,,,,,
白い,blanc (adjectif),,,しろい,,語彙,N5,,,,,
親切,gentillesse,,,しんせつ,年配の女性に花を贈るのは、親切なことだ。 彼女は、笑顔が素敵で、親切な人だ。,語彙,N5,,,,,
親切な行為,un acte gentil/généreux,,,しんせつなこうい,,語彙,N5,,,,,
親切心,un cœur généreux,,,しんせつしん,,語彙,N5,,,,,
新聞,journal,,,しんぶん,,語彙,N5,,,,,
随分,,,,ずいぶん,,語彙,N5,,,,,
水曜日,mercredi,,,すいようび,,語彙,N5,,,,,
スカート,jupe,,,スカート,,語彙,N5,,,,,
直ぐ,"tout de suite, immédiatement, juste à coté",,,すぐ,,語彙,N5,,,,,
少ない,peu,,,すくない,,語彙,N5,,,,,
直ぐに,immédiatement,,,すぐに,,語彙,N5,,,,,
少し,un peu,,,すこし,,語彙,N5,,,,,
涼しい,(1) frais; rafraîchissant,,,すずしい,,語彙,N5,,,,,
ストーブ,chauffage,,,ストーブ,,語彙,N5,,,,,
スプーン,cuillère,,,スプーン,,語彙,N5,,,,,
スポーツ,sport,,,スポーツ,,語彙,N5,,,,,
ズボン,pantalon,,,ズボン,,語彙,N5,,,,,
スリッパ,chaussons,,,スリッパ,,語彙,N5,,,,,
背,hauteur,,,せ,,語彙,N5,,,,,
生徒,élève,,,せいと,,語彙,N5,,,,,
セーター,pull,,,セーター,,語彙,N5,,,,,
節倹,économie; épargne,,,せっけん,,語彙,N5,,,,,
是非,certainement; sans faute,,,ぜひ,,語彙,N5,,,,,
背広,costume d’affaires・costume (pour homme),,,せびろ,,語彙,N5,,,,,
狭い,étroit,,,せまい,,語彙,N5,,,,,
ゼロ,zéro,,,ゼロ,,語彙,N5,,,,,
千,mille,,,せん,,語彙,N5,,,,,
先月,le mois dernier,,,せんげつ,,語彙,N5,,,,,
先週,la semaine dernière,,,せんしゅう,,語彙,N5,,,,,
先生,enseignant,,,せんせい,,語彙,N5,,,,,
洗濯,blanchissage; lavage; lessive,,,せんたく,,語彙,N5,,,,,
洗濯物,lessive; linge à laver,,,せんたくもの,,語彙,N5,,,,,
全部,tout; intégralité; totalité; entièreté,,,ぜんぶ,,語彙,N5,,,,,
掃除,nettoyage; lavage; balayage; dépoussiérage; frottage,,,そうじ,部屋を掃除しなければならない。,語彙,N5,"JB, Tanaka",,,,
そうして・そして,et,,,そうして・そして,,語彙,N5,,,,,
そうすると,"En faisant comme ça, de cette manière, en faisant de cette façon",,,そうすると,,語彙,,,,,,
そこ,là (proche du locuteur),,,そこ,,語彙,N5,,,,,
そちら・そっち,par là (proche du locuteur),,,そちら・そっち,,語彙,N5,,,,,
外,extérieur,,,そと,,語彙,N5,,,,,
その,ce (proche du locuteur),,,その,,語彙,N5,,,,,
その後,après ça,,,そのあと,,語彙,N5,,,,,
その前,avant ça,,,そのまえ,,語彙,N5,,,,,
側・傍,près; proche; à côté; environs; auprès; contre; proximité,,,そば,,語彙,N5,,,,,
空,ciel,,,そら,,語彙,N5,,,,,
それから,"ensuite, après cela",,,それから,,語彙,N5,,,,,
それでは,dans ce cas,,,それでは,,語彙,N5,,,,,
大学,université,,,だいがく,,語彙,N5,,,,,
大使館,ambassade,,,たいしかん,,語彙,N5,,,,,
大丈夫,bien (santé),,,だいじょうぶ,,語彙,N5,,,,,
大好き,aimable; adorable; très sympathique; aimer beaucoup,,,だいすき,,語彙,N5,,,,,
大切,important,,,たいせつ,,語彙,N5,,,,,
台所,cuisine,,,だいどころ,,語彙,N5,,,,,
大変,très; beaucoup; considérable; (3) sérieux; grave; horrible; terrible; affreux; (4) difficile; dur,,,たいへん,,語彙,N5,,,,,
高い,"grand, cher",,,たかい,,語彙,N5,,,,,
たくさん,beaucoup,,,たくさん,,語彙,N5,,,,,
タクシー,taxi,,,タクシー,,語彙,N5,,,,,
,(1) hauteur; (2) longueur,,,たて,,語彙,N5,,,,,
建物,bâtiment,,,たてもの,,語彙,N5,,,,,
楽しい,"agréable, amusant, joyeux",,,たのしい,,語彙,N5,,,,,
たばこ,"tabac, cigarette",,,たばこ,,語彙,N5,,,,,
たぶん,probablement,,,たぶん,,語彙,N5,,,,,
食べ物,nourriture,,,たべもの,,語彙,N5,,,,,
卵,œuf,,,たまご,,語彙,N5,,,,,
誰,qui,,,だれ,,語彙,N5,,,,,
誰か,quelqu’un,,,だれか,,語彙,N5,,,,,
誕生日,anniversaire,,,たんじょうび,,語彙,N5,,,,,
だんだん,peu à peu,,,だんだん,,語彙,N5,,,,,
小さい,petit; minuscule,,,ちいさい,,語彙,N5,,,,,
近い,(1) près; proche; près de; (2) proche (en temps); bientôt,,,ちかい,,語彙,N5,,,,,
地下鉄,métro,,,ちかてつ,,語彙,N5,,,,,
地図,carte,,,ちず,,語彙,N5,,,,,
茶色,brun,,,ちゃいろ,,語彙,N5,,,,,
茶碗,bol de riz; tasse à thé,,,ちゃわん,,語彙,N5,,,,,
ちょうど,exactement; précisément; justement; juste,,,ちょうど,,語彙,N5,,,,,
ちょっと,un peu,,,ちょっと,,語彙,N5,,,,,
一日,(1) le premier du mois; (2) les dix premiers jours du mois lunaire,,,ついたち,,語彙,N5,,,,,
次,suivant,,,つぎ,,語彙,N5,,,,,
机,bureau,,,つくえ,,語彙,N5,,,,,
都合,circonstances; condition; occasion; opportunité,,,つごう,今、都合が悪いんです,語彙,N5,,,,,
詰らない,ennuyeux,,,つまらない,,語彙,N5,,,,,
冷たい,froid; glacial,,,つめたい,,語彙,N5,,,,,
強い,puissant,,,つよい,,語彙,N5,,,,,
手,main,,,て,,語彙,N5,,,,,
テープ,ruban,,,テープ,,語彙,N5,,,,,
テーブル,table,,,テーブル,,語彙,N5,,,,,
テープレコーダー,magnétophone,,,テープレコーダー,,語彙,N5,,,,,
手紙,lettre,,,てがみ,,語彙,N5,,,,,
出口,sortie,,,でぐち,,語彙,N5,,,,,
テスト,test,,,テスト,,語彙,N5,,,,,
では,avec ça…,,,では,,語彙,N5,,,,,
デパート,grand magasin,,,デパート,,語彙,N5,,,,,
でも,mais,,,でも,,語彙,N5,,,,,
テレビ,télévision,,,テレビ,,語彙,N5,,,,,
電気,temps (météo),,,てんき,,語彙,N5,,,,,
天気,électricité,,,でんき,,語彙,N5,,,,,
電車,train,,,でんしゃ,,語彙,N5,,,,,
電話,téléphone,,,でんわ,,語彙,N5,,,,,
戸,porte de style japonais,,,と,,語彙,N5,,,,,
ドア,"porte de style occidentale, de voiture",,,ドア,,語彙,N5,,,,,
トイレ,toilettes,,,トイレ,,語彙,N5,,,,,
どう,"comment, de quelle manière",,,どう,,語彙,N5,,,,,
どうして,pour quelle raison,,,どうして,,語彙,N5,,,,,
どうぞ,s’il-vous-plaît,,,どうぞ,,語彙,N5,,,,,
動物,animal,,,どうぶつ,,語彙,N5,,,,,
どうも,merci,,,どうも,,語彙,N5,,,,,
遠い,loin,,,とおい,,語彙,N5,,,,,
十日,"dix jours, le dixième jour",,,とおか,,語彙,N5,,,,,
時々,parfois,,,ときどき,,語彙,N5,,,,,
時計,"montre, horloge",,,とけい,,語彙,N5,,,,,
どこ,où,,,どこ,,語彙,N5,,,,,
所,lieu,,,ところ,,語彙,N5,,,,,
年,année,,,とし,,語彙,N5,,,,,
図書館,bibliothèque,,,としょかん,,語彙,N5,,,,,
とっきゅう,"(1) express limité (train, plus rapide qu'un express); (2) très pressé",,,とっきゅう,,語彙,N5,,,,,
どちら,lequel,,,どっち・どちら,,語彙,N5,,,,,
とても,très,,,とても,,語彙,N5,,,,,
どなた,qui,,,どなた,,語彙,N5,,,,,
隣,"voisin, à côté",,,となり,,語彙,N5,,,,,
友達,ami,,,ともだち,,語彙,N5,,,,,
土曜日,samedi,,,どようび,,語彙,N5,,,,,
鳥,oiseau,,,とり,,語彙,N5,,,,,
鳥肉,volaille,,,とりにく,,語彙,N5,,,,,
どれ,qui (de trois ou plus),,,どれ,,語彙,N5,,,,,
ナイフ,couteau,,,ナイフ,,語彙,N5,,,,,
中,milieu,,,なか,,語彙,N5,,,,,
長い,long,,,ながい,,語彙,N5,,,,,
鳴く,"(1) chanter, siffler (oiseaux); croasser (corbeau); hululer (hibou); (2) aboyer; miauler; ronronner; crier (pour un animal); pousser son cri (animal)",,,なく,,語彙,N5,,,,,
なぜ,pourquoi,,,なぜ,,語彙,N5,,,,,
夏,été,,,なつ,,語彙,N5,,,,,
夏休み,vacances d’été,,,なつやすみ,,語彙,N5,,,,,
など,etc.,,,など,,語彙,N5,,,,,
七つ,sept (choses),,,ななつ,,語彙,N5,,,,,
七日,"sept jours, septième jour",,,なのか,,語彙,N5,,,,,
名前,nom,,,なまえ,,語彙,N5,,,,,
何,"que, quoi",,,なん・なに,,語彙,N5,,,,,
に,deux,,,に,,語彙,N5,,,,,
賑やか,animé; vif; vivant,,,にぎやか,,語彙,N5,,,,,
肉,viande,,,にく,,語彙,N5,,,,,
肉屋,boucherie,,,にくや,,語彙,N5,JB,,,,
西,ouest,,,にし,,語彙,N5,,,,,
日曜日,dimanche,,,にちようび,,語彙,N5,,,,,
日食,éclipse de soleil,,,にっしょく,,語彙,N4,,,,,
荷物,bagage,,,にもつ,,語彙,N5,,,,,
ニュース,informations,,,ニュース,,語彙,N5,,,,,
庭,jardin,,,にわ,,語彙,N5,,,,,
温い,tiède,,,ぬるい,,語彙,N5,,,,,
ネクタイ,cravate,,,ネクタイ,,語彙,N5,,,,,
猫,chat,,,ねこ,,語彙,N5,,,,,
ノート,cahier,,,ノート,,語彙,N5,,,,,
飲物,boisson,,,のみもの,,語彙,N5,,,,,
歯,dent,,,は,,語彙,N5,,,,,
パーティ,fête,,,パーティ,,語彙,N5,,,,,
はい,"oui, c’est ça",,,はい,,語彙,N5,,,,,
灰皿,cendrier,,,はいざら,,語彙,N5,,,,,
葉書,carte postale,,,はがき,,語彙,N5,,,,,
箱,boîte,,,はこ,,語彙,N5,,,,,
橋,pont,,,はし,,語彙,N5,,,,,
はし,baguettes,,,はし,,語彙,N5,,,,,
始め・初め,"(1) commencement; départ; début; ouverture; (2) premier (dans un rang, etc.)",,,はじめ,,語彙,N5,,,,,
初めて,pour la première fois,,,はじめて,,語彙,N5,,,,,
バス,bus,,,バス,,語彙,N5,,,,,
バター,beurre,,,バター,,語彙,N5,,,,,
二十歳,(1) (être âgé de) 20 ans; (2) vingt,,,はたち,,語彙,N5,,,,,
八,huit,,,はち,,語彙,N5,,,,,
20日,"vingt jours, vingtième jour",,,はつか,,語彙,N5,,,,,
花,fleur,,,はな,,語彙,N5,,,,,
鼻,nez,,,はな,,語彙,N5,,,,,
話,(1) conversation; discours; bavardage; histoire; récit,,,はなし,,語彙,N5,,,,,
早い・速い,"(1) vite; rapide; prompt; précipité; brusque; (2) tôt (dans la journée, etc.); prématuré; (3) (trop) tôt; pas encore; (4) facile; simple; rapide",,,はやい,,語彙,N5,,,,,
春,printemps,,,はる,,語彙,N5,,,,,
晴れ,temps clair,,,はれ,,語彙,N5,,,,,
晴れる,ensoleillé,,,はれる,,語彙,N5,,,,,
半,moitié,,,はん,,語彙,N5,,,,,
晩,soirée,,,ばん,,語彙,N5,,,,,
パン,pain,,,パン,,語彙,N5,,,,,
ハンカチ,mouchoir,,,ハンカチ,,語彙,N5,,,,,
番号,numéro,,,ばんごう,,語彙,N5,,,,,
晩御飯,dîner,,,ばんごはん,,語彙,N5,,,,,
半分,demi-minute,,,はんぶん,,語彙,N5,,,,,
東,"est (direction, point cardinal)",,,ひがし,,語彙,N5,,,,,
低い,"(1) bas(se) (rang, degré, valeur, contenu, qualité, etc.)e; (2) basse (position); proche du sol; (3) petite (hauteur)",,,ひくい,,語彙,N5,,,,,
飛行機,avion,,,ひこうき,,語彙,N5,,,,,
久しぶり,"une longue période (depuis la dernière fois); ça fait un moment (que je t'ai vu, je t'ai écrit, etc.)",,,ひさしぶり,,語彙,N5,,,,,
左,gauche,,,ひだり,,語彙,N5,,,,,
人,personne,,,ひと,,語彙,N5,,,,,
一つ,un (une chose),,,ひとつ,,語彙,N5,,,,,
ひと月,un mois,,,ひとつき,,語彙,N5,,,,,
一人,"une personne, seul",,,ひとり,,語彙,N5,,,,,
暇,"loisirs; temps libre; libre, peu occupé",,,ひま,,語彙,N5,,,,,
百,cent,,,ひゃく,,語彙,N5,,,,,
病院,hôpital,,,びょういん,,語彙,N5,,,,,
病気,maladie,,,びょうき,,語彙,N5,,,,,
昼,midi,,,ひる,,語彙,N5,,,,,
昼御飯,déjeuner; repas de midi,,,ひるごはん,,語彙,N5,,,,,
広い,"spacieux, large",,,ひろい,,語彙,N5,,,,,
フィルム,film; pellicule,,,フィルム,,語彙,N5,,,,,
封筒,enveloppe,,,ふうとう,,語彙,N5,,,,,
プール,piscine,,,プール,,語彙,N5,,,,,
フォーク,fourchette,,,フォーク,,語彙,N5,,,,,
服,vêtements,,,ふく,,語彙,N5,,,,,
二つ,deux,,,ふたつ,,語彙,N5,,,,,
豚肉,porc,,,ぶたにく,,語彙,N5,,,,,
二人,deux personnes,,,ふたり,,語彙,N5,,,,,
二人とも,"deux personnes, tous les deux",,,ふたりとも,,語彙,N5,,,,,
二日,"deux jours, deuxième jour",,,ふつか,,語彙,N5,,,,,
太い,gras,,,ふとい,,語彙,N5,,,,,
不便,"incommode, pas pratique",,,ふべん,,語彙,N5,,,,,
冬,hiver,,,ふゆ,,語彙,N5,,,,,
古い,ancien,,,ふるい,,語彙,N5,,,,,
風呂,(1) bain; baignoire; (2) salle de bain; bains publics,,,ふろ,,語彙,N5,,,,,
文章,(1) phrase; article; texte; composition,,,ぶんしょう,,語彙,N5,,,,,
ページ,page,,,ページ,,語彙,N5,,,,,
下手,maladroit,,,へた,,語彙,N5,,,,,
ベッド,lit,,,ベッド,,語彙,N5,,,,,
ペット,animal de compagnie,,,ペット,,語彙,N5,,,,,
部屋,(1) chambre; pièce; salle,,,へや,,語彙,N5,,,,,
辺,zone; environs; alentours; proximité; région,,,へん,,語彙,N5,,,,,
ペン,stylo,,,ペン,,語彙,N5,,,,,
便利,"pratique, commode, utile",,,べんり,,語彙,N5,,,,,
帽子,chapeau; casquette; bonnet,,,ぼうし,,語彙,N5,,,,,
ボールペン,stylo à bille,,,ボールペン,,語彙,N5,,,,,
 他・外,"autre (endroit, objet, personne); ailleurs; autre part; les autres; le reste",,,ほか,,語彙,N5,,,,,
ポケット,poche,,,ポケット,,語彙,N5,,,,,
ポスト,poste,,,ポスト,,語彙,N5,,,,,
細い,fin; fluet; mince; svelte,,,ほそい,,語彙,N5,,,,,
ボタン,bouton,,,ボタン,,語彙,N5,,,,,
ホテル,hôtel,,,ホテル,,語彙,N5,,,,,
本,livre,,,ほん,,語彙,N5,,,,,
本棚,étagère; bibliothèque (meuble); rayonnage,,,ほんだな,,語彙,N5,,,,,
本当,véritable; authentique; naturel,,,ほんとう,,語彙,N5,,,,,
本屋,librairie,,,ほんや,,語彙,N5,,,,,
毎朝,tous les matins,,,まいあさ,,語彙,N5,,,,,
毎週,chaque semaine,,,まいしゅう,,語彙,N5,,,,,
毎月,chaque mois,,,まいつき・まいげつ,,語彙,N5,,,,,
毎年,chaque année,,,まいとし・まいねん,,語彙,N5,,,,,
毎日,"chaque jour, quotidiennement",,,まいにち,,語彙,N5,,,,,
毎晩,chaque soir,,,まいばん,,語彙,N5,,,,,
前,"avant, devant",,,まえ,,語彙,N5,,,,,
まずい,"pas appétissant; désagréable (pour un goût, une apparence, une situation)",,,まずい,,語彙,N5,,,,,
又,de nouveau; encore,,,また,,語彙,N5,,,,,
町,ville,,,まち,,語彙,N5,,,,,
真直ぐ,tout droit,,,まっすぐ,この道を百メートルぐらいまっすぐ行って下さい,語彙,N5,,,,,
マッチ,match,,,マッチ,,語彙,N5,,,,,
窓,fenêtre,,,まど,,語彙,N5,,,,,
丸い・円い,"rond, circulaire",,,まるい,,語彙,N5,,,,,
万,dix mille,,,まん,,語彙,N5,,,,,
まんねんひつ,stylo à encre,,,まんねんひつ,,語彙,N5,,,,,
磨く,"affiner; améliorer -> polir, se brosser les dents (?)",,,みがく,,語彙,N5,,,,,
右,droite; côté droit,,,みぎ,,語彙,N5,,,,,
短い,court,,,みじかい,,語彙,N5,,,,,
水,eau,,,みず,,語彙,N5,,,,,
水色,bleu clair (nom de la couleur),,,みずいろ,,語彙,N5,,,,,
店,magasin,,,みせ,,語彙,N5,,,,,
道,"rue, chemin",,,みち,,語彙,N5,,,,,
三日,"trois jours, troisième jour",,,みっか,,語彙,N5,,,,,
三つ,trois (choses),,,みっつ,,語彙,N5,,,,,
緑,vert,,,みどり,,語彙,N5,,,,,
皆,"tout le monde, tous",,,みな,,語彙,N5,,,,,
皆さん,tout le monde,,,みなさん,,語彙,N5,,,,,
南,sud,,,みなみ,,語彙,N5,,,,,
耳,oreille,,,みみ,,語彙,N5,,,,,
六日,"six jours, sixième jour",,,むいか,,語彙,N5,,,,,
向こう,(1) côté opposé; autre côté; direction opposée; (2) là-bas; dans cette direction; loin; au-delà,,,むこう,,語彙,N5,,,,,
難しい,difficile,,,むずかしい,,語彙,N5,,,,,
息子,fils (mon),,,むすこ,,語彙,N5,,,,,
娘,fille (ma),,,むすめ,,語彙,N5,,,,,
六つ,six (choses),,,むっつ,,語彙,N5,,,,,
村,village,,,むら,,語彙,N5,,,,,
目,œil,,,め,,語彙,N5,,,,,
メートル,mètre,,,メートル,,語彙,N5,,,,,
眼鏡,lunettes,,,めがね,,語彙,N5,,,,,
もう,déjà; encore; maintenant,,,もう,,語彙,N5,,,,,
もう一度,encore une fois,,,もういちど,,語彙,N5,,,,,
木曜日,jeudi,,,もくようび,,語彙,N5,,,,,
もしもし,allô (au téléphone),,,もしもし,,語彙,N5,,,,,
もちろん,"bien sûr, évidemment",,,もちろん,,語彙,N5,,,,,
もっと,plus,,,もっと,もっとほしいんですが。ここでは、もっと高いです。,語彙,N5,,,,,
物,chose,,,もの,,語彙,N5,,,,,
門,porte,,,もん,,語彙,N5,,,,,
問題,problème,,,もんだい,,語彙,N5,,,,,
八百屋,marchand de légumes,,,やおや,,語彙,N5,,,,,
野菜,légume,,,やさい,,語彙,N5,,,,,
優しい,"facile, simple",,,やさしい,,語彙,N5,,,,,
安い,bon marché,,,やすい,,語彙,N5,,,,,
休み,"repos, vacances",,,やすみ,,語彙,N5,,,,,
薬局,pharmacie,,,やっきょく,,語彙,N5,,,,,
八つ,huit (choses),,,やっつ,,語彙,N5,,,,,
山,montagne,,,やま,,語彙,N5,,,,,
夕方,soirée,,,ゆうがた,,語彙,N5,,,,,
夕飯,souper; dîner en France; repas du soir,,,ゆうはん,,語彙,N5,,,,,
郵便局,bureau de poste,,,ゆうびんきょく,,語彙,N5,,,,,
夕べ・昨夜,"soirée, soir; hier soir",,,ゆうべ,,語彙,N5,,,,,
有名,célèbre,,,ゆうめい,,語彙,N5,,,,,
雪,neige,,,ゆき,,語彙,N5,,,,,
ゆっくり,lentement,,,ゆっくり,,語彙,N5,,,,,
八日,"huit jours, huitième jour",,,ようか,,語彙,N5,,,,,
洋服,vêtements de style occidental,,,ようふく,,語彙,N5,,,,,
よく,souvent,,,よく,,語彙,N5,,,,,
横,"côté, largeur",,,よこ,,語彙,N5,,,,,
四日,"quatre jours, quatrième jour",,,よっか,,語彙,N5,,,,,
四つ,quatre (choses),,,よっつ,,語彙,N5,,,,,
夜,"soir, nuit",,,よる・よ,,語彙,N5,,,,,
弱い,faible,,,よわい,,語彙,N5,,,,,
来月,mois prochain,,,らいげつ,,語彙,N5,,,,,
来週,semaine prochaine,,,らいしゅう,,語彙,N5,,,,,
来年,l’année prochaine,,,らいねん,,語彙,N5,,,,,
ラジオ,radio,,,ラジオ,,語彙,N5,,,,,
ラジオカセット,radio cassette,,,ラジオカセット,,語彙,N5,,,,,
立派,magnifique,,,りっぱ,,語彙,N5,,,,,
留学生,étudiant à l’étranger,,,りゅうがくせい,,語彙,N5,,,,,
両親,parents,,,りょうしん,,語彙,N5,,,,,
料理,cuisine,,,りょうり,,語彙,N5,,,,,
旅行,voyage,,,りょこう,,語彙,N5,,,,,
零,zéro,,,れい,,語彙,N5,,,,,
冷蔵庫,réfrigérateur,,,れいぞうこ,,語彙,N5,,,,,
レコード,disque (de musique),,,レコード,,語彙,N5,,,,,
レストラン,restaurant,,,レストラン,,語彙,N5,,,,,
練習,entraînement; exercice; répétition,,,れんしゅう,,語彙,N5,dictionnaire-japonais.com,,,,
廊下,couloir,,,ろうか,,語彙,N5,,,,,
六,six,,,ろく,,語彙,N5,,,,,
ワイシャツ,chemise d’affaires,,,ワイシャツ,,語彙,N5,,,,,
若い,jeune,,,わかい,,語彙,N5,,,,,
私,moi (poli),,,わたくし,,語彙,N5,,,,,
私,moi,,,わたし,,語彙,N5,,,,,
渡す,"(1) faire traverser (en bac, bateau, etc.); transporter de l'autre coté; traverser; (3) remettre; transmettre; passer; donner; transférer",,,わたす,これをわたしていただけませんか,語彙,N5,,,,,
悪い,mauvais,,,わるい,,語彙,N5,,,,,
戻る,(1) revenir en arrière (par ex. à mi-chemin); rebrousser chemin; (2) retourner; revenir,,,戻る,すぐ戻ってきます,語彙,N5,,,,,
掃除する,"nettoyer, laver",,,掃除する,,語彙,N5,,,,,
お出でになる,"être, arriver (poli/honorifique)",,,おいでになる,,語彙,,,,,,
ご主人,son mari; ton mari ,,,ごしゅじん,,語彙,N5,,,,,
時,heure (temps),,,じ,,語彙,N5,,,,,
